MH12AB1234,2025-06-06 15:48:33
MH12AB1234,2025-06-06 17:42:27
"KA19P8488""",2025-06-08 10:33:45
"KA19P8488""",2025-06-08 10:34:32
IRJ14CV0002],2025-06-08 10:35:26
"KA19P8488""",2025-06-08 10:59:26
IRJ14CV0002],2025-06-08 10:59:46
"KA19P8488""",2025-06-08 11:11:05
"KA19P8488""",2025-06-08 11:22:03
"KA19P8488""",2025-06-08 11:24:58
IRJ14CV0002],2025-06-08 11:27:08
"KA19P8488""",2025-06-08 11:29:25
IRJ14CV0002],2025-06-08 11:29:49
"KA19P8488""",2025-06-08 11:30:51
IRJ14CV0002],2025-06-08 11:31:03
IRJ14CV0002],2025-06-09 13:57:47
Plate not found,2025-06-15 16:24:05
MH19EQ0001,2025-06-15 16:24:21
KA19P8488,2025-06-15 16:24:36
MH19EQ0001,2025-06-15 16:25:04
MH19EQ0001,2025-06-16 16:53:08
MH19EQ0001,2025-06-16 16:53:08
MH19EQ0001,2025-06-16 16:53:08
Not Found,2025-06-16 16:53:10
Not Found,2025-06-16 16:53:10
MH19EQ0001,2025-06-16 16:53:12
MH19EQ0001,2025-06-16 16:53:12
MH19EQ0001,2025-06-16 16:53:12
MH19EQ0001,2025-06-16 16:53:13
MH19EQ0001,2025-06-16 16:53:13
MH19EQ000-,2025-06-16 16:53:13
MH19EQ0001,2025-06-16 16:53:13
Not Found,2025-06-16 16:53:18
MH19EQ0001,2025-06-16 16:54:06
MH19EQ0001,2025-06-16 16:54:10
MH19EQ0001,2025-06-16 16:54:12
Not Found,2025-06-16 16:54:36
Not Found,2025-06-16 16:54:49
Not Found,2025-06-16 16:55:03
Not Found,2025-06-16 16:55:20
Not Found,2025-06-16 16:55:21
Not Found,2025-06-16 16:55:27
Not Found,2025-06-16 16:55:28
Not Found,2025-06-16 16:55:29
22BH6517A,2025-06-16 16:55:32
Not Found,2025-06-16 16:55:36
Not Found,2025-06-16 16:55:50
Not Found,2025-06-16 16:56:10
Not Found,2025-06-16 16:56:18
Not Found,2025-06-16 16:56:24
Not Found,2025-06-16 16:56:29
Not Found,2025-06-16 16:56:32
Not Found,2025-06-16 16:56:39
Not Found,2025-06-16 16:56:44
Not Found,2025-06-16 16:56:47
Not Found,2025-06-16 16:56:56
Not Found,2025-06-16 16:56:58
Not Found,2025-06-16 16:57:02
Not Found,2025-06-16 16:57:04
Not Found,2025-06-16 16:57:04
Not Found,2025-06-16 16:57:05
MH19EQ0001,2025-06-16 16:57:13
MH19EQ0001,2025-06-16 16:57:18
Not Found,2025-06-16 17:00:14
IKA19P8488,2025-06-16 17:00:29
IKA19P8488,2025-06-16 17:02:11
Not Found,2025-06-16 17:02:22
Not Found,2025-06-16 17:12:20
Not Found,2025-06-16 17:12:31
Not Found,2025-06-16 17:12:49
IKA19P8488,2025-06-16 17:15:56
Not Found,2025-06-16 17:16:10
IKA19P8488,2025-06-16 17:16:23
Not Found,2025-06-16 17:19:50
Not Found,2025-06-16 17:20:01
Not Found,2025-06-16 17:20:12
Not Found,2025-06-16 17:23:13
Not Found,2025-06-16 17:24:08
Not Found,2025-06-16 17:27:04
Not Found,2025-06-16 17:27:13
KA19P8488,2025-06-16 17:32:18
Not Found,2025-06-16 17:32:28
Not Found,2025-06-16 17:37:46
Not Found,2025-06-16 17:37:57
Not Found,2025-06-16 17:38:24
iKA19P8488,2025-06-16 17:40:50
Not Found,2025-06-16 17:40:59
MH19EQ0001,2025-06-16 17:41:30
MH19EQ0001,2025-06-17 11:25:48
MH19EQ0O01,2025-06-17 11:25:52
iKA19P8488,2025-06-17 11:26:05
MH19EQ0001,2025-07-28 12:37:23
MH19EQ0001,2025-07-28 12:37:23
MH19EQ0001,2025-07-28 12:37:24
MH19EQ0001,2025-07-28 12:37:32
MH19EQ0001,2025-07-28 12:37:39
MH19EQ0001,2025-07-28 12:37:40
MH19EQ0001,2025-07-28 12:37:40
MH19EQ0001,2025-07-28 12:37:40
MH19EQ0001,2025-07-28 12:37:40
MH19EQ0001,2025-07-28 12:38:03
Not Found,2025-07-28 12:38:17
Not Found,2025-07-28 12:38:23
22BH6517A,2025-07-28 12:38:46
Not Found,2025-07-28 12:40:24
